spec,philly_delta,pitt_delta,DiD
pre vs (anticipation+post),-10093.095126501408,9307.871832353696,-19400.966958855104
pre vs post (ignoring anticipation),-10084.347516611291,9947.637729789592,-20031.985246400884
