period,philly_mean,pitt_mean,n_months
pre,51214.20930232558,13216.60465116279,43
anticipation,41016.142857142855,14847.285714285714,7
post,41129.86178571429,23164.242380952383,84
